Workbook

Sheet 輸入參數
A1: 冷卻水塔 - 輸入參數
A2: 專案：冷卻水塔蒸發量分析 | 計算人員：Ryan | 日期：2026-03-14
A4: 參數 | B4: 數值 | C4: 單位
A5: 循環水量 (Q) | B5: 500 | C5: m³/h
A6: 進水溫度 (T_in) | B6: 37 | C6: °C
A7: 出水溫度 (T_out) | B7: 32 | C7: °C
A8: 溫差 (ΔT) | B8: 5 | C8: °C
A9: 乾球溫度 (Tdb) | B9: 35 | C9: °C
A10: 濕球溫度 (Twb) | B10: 28 | C10: °C
A11: 空氣流量 (G) | B11: 400000 | C11: m³/h
A12: 填料特性係數 (KaV/L) | B12: 1.5 | C12: -
A13: 濃縮倍數 (COC) | B13: 3 | C13: -
A14: 水塔類型 | B14: 逆流式 | C14: -
A15: 季節 | B15: 夏季 (C=1.0) | C15: -
A16: 大氣壓力 | B16: 101.325 | C16: kPa
A17: 水的密度 | B17: 1000 | C17: kg/m³
A18: 水的比熱 | B18: 4.186 | C18: kJ/(kg·°C)
A19: 空氣密度（近似） | B19: 1.2 | C19: kg/m³

Sheet 計算過程
A1: 逐步計算過程
A3: 步驟 | B3: 公式 | C3: 代入數值 | D3: 計算結果
A4: 1. 溫差計算 | B4: ΔT = T_in - T_out | C4: 37 - 32 | D4: 5.0 °C
A5: 2. 蒸發係數 (C) | B5: C = 1.0（夏季） | C5: - | D5: 1.0
A6: 3. 簡易公式蒸發量 | B6: E = C × ΔT × Q / 600 | C6: 1.0 × 5.0 × 500.0 / 600 | D6: 4.1667 m³/h
A8: 4. 水的質量流率 (L) | B8: L = Q × ρw / 3600 | C8: 500.0 × 1000 / 3600 | D8: 138.89 kg/s
A9: 5. 空氣質量流率 (G_m) | B9: G_m = G × ρa / 3600 | C9: 400000.0 × 1.2 / 3600 | D9: 133.33 kg/s
A10: 6. 氣水比 (L/G) | B10: L/G = L / G_m | C10: 138.89 / 133.33 | D10: 1.042
A11: 7. Merkel 數 | B11: NTU = ∫(Cp·dT)/(h_s - h_a) | C11: 數值積分（辛普森法） | D11: 0.394
A12: 8. Merkel 法蒸發量 | B12: 由焓平衡計算 | C12: G_m × ΔW | D12: 7.9460 m³/h
A14: 9. 飛濺損失 | B14: 損失率 = 0.1% × Q | C14: 0.001 × 500.0 | D14: 0.5000 m³/h
A15: 10. 排污損失 | B15: 排污 = E / (COC - 1) | C15: 7.9460 / (3.0 - 1) | D15: 3.9730 m³/h
A16: 11. 總補給水量 | B16: 合計 = 蒸發 + 飛濺 + 排污 | C16: 7.9460 + 0.5000 + 3.9730 | D16: 12.4190 m³/h
... A20: 14. 冷卻效率 | B20: η = 範圍 / (範圍 + 逼近) | C20: 5.0 / (5.0 + 5.0) | D20: 50.0 %

Sheet 結果摘要
A1: 結果摘要（含即時公式）
A3: 可編輯輸入值
A4: 參數 | B4: 數值 | C4: 單位
A5: 循環水量 | B5: 500 | C5: m³/h
A6: 進水溫度 | B6: 37 | C6: °C
A7: 出水溫度 | B7: 32 | C7: °C
A8: 蒸發係數 | B8: 1 | C8: -
A9: 濃縮倍數 | B9: 3 | C9: -
A10: 飛濺損失率 | B10: 0.001 | C10: -
A12: 計算結果（自動更新）
A13: 項目 | B13: 公式說明 | C13: 計算結果 | D13: 單位
A14: ΔT（溫差） | B14: B6-B7 | C14: =B6-B7 | D14: °C
A15: 簡易公式蒸發量 | B15: B8*(B6-B7)*B5/600 | C15: =B8*(B6-B7)*B5/600 | D15: m³/h
A16: 飛濺損失 | B16: B10*B5 | C16: =B10*B5 | D16: m³/h
A17: 排污損失（估算） | B17: B8*(B6-B7)*B5/600/(B9-1) | C17: =B8*(B6-B7)*B5/600/(B9-1) | D17: m³/h
A18: 總補給水量（簡易） | B18: B8*(B6-B7)*B5/600+B10*B5+B8*(B6-B7)*B5/600/(B9-1) | C18: =B8*(B6-B7)*B5/600+B10*B5+B8*(B6-B7)*B5/600/(B9-1) | D18: m³/h
A19: 每日補給水量 | B19: (B8*(B6-B7)*B5/600+B10*B5+B8*(B6-B7)*B5/600/(B9-1))*24 | C19: =(B8*(B6-B7)*B5/600+B10*B5+B8*(B6-B7)*B5/600/(B9-1))*24 | D19: m³/日
A20: 每月補給水量 | B20: (B8*(B6-B7)*B5/600+B10*B5+B8*(B6-B7)*B5/600/(B9-1))*24*30 | C20: =(B8*(B6-B7)*B5/600+B10*B5+B8*(B6-B7)*B5/600/(B9-1))*24*30 | D20: m³/月

Sheet 敏感度分析
A1: 敏感度分析矩陣
A3: 溫差 (ΔT) 對蒸發量的影響
A4: ΔT (°C) | B4: 簡易蒸發量 (m³/h) | C4: 總補給水量 (m³/h)
A5: 2 | B5: ='結果摘要'!B8*A5*'結果摘要'!B5/600 | C5: ='結果摘要'!B8*A5*'結果摘要'!B5/600+'結果摘要'!B10*'結果摘要'!B5+'結果摘要'!B8*A5*'結果摘要'!B5/600/('結果摘要'!B9-1)
A6: 3 | B6: ='結果摘要'!B8*A6*'結果摘要'!B5/600 | C6: ='結果摘要'!B8*A6*'結果摘要'!B5/600+'結果摘要'!B10*'結果摘要'!B5+'結果摘要'!B8*A6*'結果摘要'!B5/600/('結果摘要'!B9-1)
A7: 4 | B7: ='結果摘要'!B8*A7*'結果摘要'!B5/600 | C7: ='結果摘要'!B8*A7*'結果摘要'!B5/600+'結果摘要'!B10*'結果摘要'!B5+'結果摘要'!B8*A7*'結果摘要'!B5/600/('結果摘要'!B9-1)
A8: 5 | B8: ='結果摘要'!B8*A8*'結果摘要'!B5/600 | C8: ='結果摘要'!B8*A8*'結果摘要'!B5/600+'結果摘要'!B10*'結果摘要'!B5+'結果摘要'!B8*A8*'結果摘要'!B5/600/('結果摘要'!B9-1)
A9: 6 | B9: ='結果摘要'!B8*A9*'結果摘要'!B5/600 | C9: ='結果摘要'!B8*A9*'結果摘要'!B5/600+'結果摘要'!B10*'結果摘要'!B5+'結果摘要'!B8*A9*'結果摘要'!B5/600/('結果摘要'!B9-1)
A10: 7 | B10: ='結果摘要'!B8*A10*'結果摘要'!B5/600 | C10: ='結果摘要'!B8*A10*'結果摘要'!B5/600+'結果摘要'!B10*'結果摘要'!B5+'結果摘要'!B8*A10*'結果摘要'!B5/600/('結果摘要'!B9-1)
A11: 8 | B11: ='結果摘要'!B8*A11*'結果摘要'!B5/600 | C11: ='結果摘要'!B8*A11*'結果摘要'!B5/600+'結果摘要'!B10*'結果摘要'!B5+'結果摘要'!B8*A11*'結果摘要'!B5/600/('結果摘要'!B9-1)
A12: 10 | B12: ='結果摘要'!B8*A12*'結果摘要'!B5/600 | C12: ='結果摘要'!B8*A12*'結果摘要'!B5/600+'結果摘要'!B10*'結果摘要'!B5+'結果摘要'!B8*A12*'結果摘要'!B5/600/('結果摘要'!B9-1)
A13: 12 | B13: ='結果摘要'!B8*A13*'結果摘要'!B5/600 | C13: ='結果摘要'!B8*A13*'結果摘要'!B5/600+'結果摘要'!B10*'結果摘要'!B5+'結果摘要'!B8*A13*'結果摘要'!B5/600/('結果摘要'!B9-1)
A14: 15 | B14: ='結果摘要'!B8*A14*'結果摘要'!B5/600 | C14: ='結果摘要'!B8*A14*'結果摘要'!B5/600+'結果摘要'!B10*'結果摘要'!B5+'結果摘要'!B8*A14*'結果摘要'!B5/600/('結果摘要'!B9-1)
A17: 濃縮倍數 (COC) 對排污量的影響
A18: COC | B18: 排污量 (m³/h) | C18: 總補給水量 (m³/h) | D18: 相對 COC=2 節水率 (%)
A19: 1.5 | B19: ='結果摘要'!B8*('結果摘要'!B6-'結果摘要'!B7)*'結果摘要'!B5/600/(A19-1) | C19: ='結果摘要'!B8*('結果摘要'!B6-'結果摘要'!B7)*'結果摘要'!B5/600+'結果摘要'!B10*'結果摘要'!B5+'結果摘要'!B8*('結果摘要'!B6-'結果摘要'!B7)*'結果摘要'!B5/600/(A19-1) | D19: =IF(C20=0,0,(1-C19/C20)*100)
A20: 2 | B20: ='結果摘要'!B8*('結果摘要'!B6-'結果摘要'!B7)*'結果摘要'!B5/600/(A20-1) | C20: ='結果摘要'!B8*('結果摘要'!B6-'結果摘要'!B7)*'結果摘要'!B5/600+'結果摘要'!B10*'結果摘要'!B5+'結果摘要'!B8*('結果摘要'!B6-'結果摘要'!B7)*'結果摘要'!B5/600/(A20-1) | D20: =IF(C20=0,0,(1-C20/C20)*100)
A21: 2.5 | B21: ='結果摘要'!B8*('結果摘要'!B6-'結果摘要'!B7)*'結果摘要'!B5/600/(A21-1) | C21: ='結果摘要'!B8*('結果摘要'!B6-'結果摘要'!B7)*'結果摘要'!B5/600+'結果摘要'!B10*'結果摘要'!B5+'結果摘要'!B8*('結果摘要'!B6-'結果摘要'!B7)*'結果摘要'!B5/600/(A21-1) | D21: =IF(C20=0,0,(1-C21/C20)*100)
A22: 3 | B22: ='結果摘要'!B8*('結果摘要'!B6-'結果摘要'!B7)*'結果摘要'!B5/600/(A22-1) | C22: ='結果摘要'!B8*('結果摘要'!B6-'結果摘要'!B7)*'結果摘要'!B5/600+'結果摘要'!B10*'結果摘要'!B5+'結果摘要'!B8*('結果摘要'!B6-'結果摘要'!B7)*'結果摘要'!B5/600/(A22-1) | D22: =IF(C20=0,0,(1-C22/C20)*100)
A23: 3.5 | B23: ='結果摘要'!B8*('結果摘要'!B6-'結果摘要'!B7)*'結果摘要'!B5/600/(A23-1) | C23: ='結果摘要'!B8*('結果摘要'!B6-'結果摘要'!B7)*'結果摘要'!B5/600+'結果摘要'!B10*'結果摘要'!B5+'結果摘要'!B8*('結果摘要'!B6-'結果摘要'!B7)*'結果摘要'!B5/600/(A23-1) | D23: =IF(C20=0,0,(1-C23/C20)*100)
A24: 4 | B24: ='結果摘要'!B8*('結果摘要'!B6-'結果摘要'!B7)*'結果摘要'!B5/600/(A24-1) | C24: ='結果摘要'!B8*('結果摘要'!B6-'結果摘要'!B7)*'結果摘要'!B5/600+'結果摘要'!B10*'結果摘要'!B5+'結果摘要'!B8*('結果摘要'!B6-'結果摘要'!B7)*'結果摘要'!B5/600/(A24-1) | D24: =IF(C20=0,0,(1-C24/C20)*100)
A25: 5 | B25: ='結果摘要'!B8*('結果摘要'!B6-'結果摘要'!B7)*'結果摘要'!B5/600/(A25-1) | C25: ='結果摘要'!B8*('結果摘要'!B6-'結果摘要'!B7)*'結果摘要'!B5/600+'結果摘要'!B10*'結果摘要'!B5+'結果摘要'!B8*('結果摘要'!B6-'結果摘要'!B7)*'結果摘要'!B5/600/(A25-1) | D25: =IF(C20=0,0,(1-C25/C20)*100)
A26: 6 | B26: ='結果摘要'!B8*('結果摘要'!B6-'結果摘要'!B7)*'結果摘要'!B5/600/(A26-1) | C26: ='結果摘要'!B8*('結果摘要'!B6-'結果摘要'!B7)*'結果摘要'!B5/600+'結果摘要'!B10*'結果摘要'!B5+'結果摘要'!B8*('結果摘要'!B6-'結果摘要'!B7)*'結果摘要'!B5/600/(A26-1) | D26: =IF(C20=0,0,(1-C26/C20)*100)
A27: 8 | B27: ='結果摘要'!B8*('結果摘要'!B6-'結果摘要'!B7)*'結果摘要'!B5/600/(A27-1) | C27: ='結果摘要'!B8*('結果摘要'!B6-'結果摘要'!B7)*'結果摘要'!B5/600+'結果摘要'!B10*'結果摘要'!B5+'結果摘要'!B8*('結果摘要'!B6-'結果摘要'!B7)*'結果摘要'!B5/600/(A27-1) | D27: =IF(C20=0,0,(1-C27/C20)*100)
A28: 10 | B28: ='結果摘要'!B8*('結果摘要'!B6-'結果摘要'!B7)*'結果摘要'!B5/600/(A28-1) | C28: ='結果摘要'!B8*('結果摘要'!B6-'結果摘要'!B7)*'結果摘要'!B5/600+'結果摘要'!B10*'結果摘要'!B5+'結果摘要'!B8*('結果摘要'!B6-'結果摘要'!B7)*'結果摘要'!B5/600/(A28-1) | D28: =IF(C20=0,0,(1-C28/C20)*100)
A31: 循環水量 (Q) 對蒸發量的影響
A32: Q (m³/h) | B32: 蒸發量 (m³/h) | C32: 總補給水量 (m³/h)
A33: 100 | B33: ='結果摘要'!B8*('結果摘要'!B6-'結果摘要'!B7)*A33/600 | C33: ='結果摘要'!B8*('結果摘要'!B6-'結果摘要'!B7)*A33/600+'結果摘要'!B10*A33+'結果摘要'!B8*('結果摘要'!B6-'結果摘要'!B7)*A33/600/('結果摘要'!B9-1)
A34: 200 | B34: ='結果摘要'!B8*('結果摘要'!B6-'結果摘要'!B7)*A34/600 | C34: ='結果摘要'!B8*('結果摘要'!B6-'結果摘要'!B7)*A34/600+'結果摘要'!B10*A34+'結果摘要'!B8*('結果摘要'!B6-'結果摘要'!B7)*A34/600/('結果摘要'!B9-1)
A35: 300 | B35: ='結果摘要'!B8*('結果摘要'!B6-'結果摘要'!B7)*A35/600 | C35: ='結果摘要'!B8*('結果摘要'!B6-'結果摘要'!B7)*A35/600+'結果摘要'!B10*A35+'結果摘要'!B8*('結果摘要'!B6-'結果摘要'!B7)*A35/600/('結果摘要'!B9-1)
A36: 500 | B36: ='結果摘要'!B8*('結果摘要'!B6-'結果摘要'!B7)*A36/600 | C36: ='結果摘要'!B8*('結果摘要'!B6-'結果摘要'!B7)*A36/600+'結果摘要'!B10*A36+'結果摘要'!B8*('結果摘要'!B6-'結果摘要'!B7)*A36/600/('結果摘要'!B9-1)
A37: 750 | B37: ='結果摘要'!B8*('結果摘要'!B6-'結果摘要'!B7)*A37/600 | C37: ='結果摘要'!B8*('結果摘要'!B6-'結果摘要'!B7)*A37/600+'結果摘要'!B10*A37+'結果摘要'!B8*('結果摘要'!B6-'結果摘要'!B7)*A37/600/('結果摘要'!B9-1)
A38: 1000 | B38: ='結果摘要'!B8*('結果摘要'!B6-'結果摘要'!B7)*A38/600 | C38: ='結果摘要'!B8*('結果摘要'!B6-'結果摘要'!B7)*A38/600+'結果摘要'!B10*A38+'結果摘要'!B8*('結果摘要'!B6-'結果摘要'!B7)*A38/600/('結果摘要'!B9-1)
A39: 1500 | B39: ='結果摘要'!B8*('結果摘要'!B6-'結果摘要'!B7)*A39/600 | C39: ='結果摘要'!B8*('結果摘要'!B6-'結果摘要'!B7)*A39/600+'結果摘要'!B10*A39+'結果摘要'!B8*('結果摘要'!B6-'結果摘要'!B7)*A39/600/('結果摘要'!B9-1)
A40: 2000 | B40: ='結果摘要'!B8*('結果摘要'!B6-'結果摘要'!B7)*A40/600 | C40: ='結果摘要'!B8*('結果摘要'!B6-'結果摘要'!B7)*A40/600+'結果摘要'!B10*A40+'結果摘要'!B8*('結果摘要'!B6-'結果摘要'!B7)*A40/600/('結果摘要'!B9-1)
